[{"task": "crafter-reward", "method": "human", "seed": "0", "xs": [353, 634, 1170, 1896, 2799, 3249, 3863, 4145, 4503, 5492, 5780, 6110, 6392, 6974, 7525, 7809, 8660, 8840, 9484, 10020], "length": [353, 281, 536, 726, 903, 450, 614, 282, 358, 989, 288, 330, 282, 582, 551, 284, 851, 180, 644, 536], "reward": [12.1, 9.0, 15.1, 14.0, 13.0, 13.1, 9.1, 13.0, 13.1, 14.0, 10.1, 9.0, 10.1, 10.0, 12.1, 11.0, 14.1, 11.1, 13.1, 13.1], "achievement_collect_coal": [2, 5, 5, 3, 0, 1, 0, 2, 2, 2, 1, 1, 1, 4, 2, 4, 1, 2, 4, 2], "achievement_collect_diamond": [0, 0, 1, 0, 0, 0, 0, 0, 0, 0, 0, 0, 0, 0, 0, 0, 0, 0, 0, 0], "achievement_collect_drink": [13, 0, 15, 39, 27, 17, 24, 0, 8, 39, 10, 10, 12, 24, 17, 0, 28, 8, 18, 21], "achievement_collect_iron": [0, 0, 2, 2, 3, 1, 0, 2, 2, 2, 0, 0, 0, 0, 2, 2, 2, 0, 2, 2], "achievement_collect_sapling": [1, 6, 1, 5, 3, 4, 0, 0, 0, 1, 0, 0, 0, 5, 0, 0, 7, 3, 0, 1], "achievement_collect_stone": [15, 20, 22, 15, 9, 22, 11, 15, 17, 17, 11, 5, 6, 10, 9, 6, 16, 2, 39, 13], "achievement_collect_wood": [11, 9, 6, 7, 20, 8, 12, 9, 7, 11, 9, 9, 7, 6, 9, 6, 10, 13, 8, 15], "achievement_defeat_skeleton": [0, 0, 0, 0, 1, 0, 0, 0, 0, 1, 0, 0, 0, 0, 0, 0, 1, 1, 0, 1], "achievement_defeat_zombie": [2, 1, 0, 1, 4, 4, 4, 2, 0, 4, 2, 1, 1, 0, 5, 0, 3, 3, 0, 0], "achievement_eat_cow": [1, 0, 2, 4, 6, 1, 3, 2, 1, 5, 0, 2, 2, 2, 4, 1, 3, 1, 3, 2], "achievement_eat_plant": [0, 0, 0, 0, 0, 0, 0, 0, 0, 0, 0, 0, 0, 0, 0, 0, 0, 0, 0, 0], "achievement_make_iron_pickaxe": [0, 0, 1, 0, 0, 0, 0, 1, 1, 0, 0, 0, 0, 0, 0, 0, 0, 0, 1, 0], "achievement_make_iron_sword": [0, 0, 0, 0, 0, 0, 0, 1, 1, 0, 0, 0, 0, 0, 0, 0, 0, 0, 0, 0], "achievement_make_stone_pickaxe": [1, 1, 1, 1, 1, 1, 0, 1, 1, 1, 1, 0, 0, 0, 1, 1, 1, 1, 1, 1], "achievement_make_stone_sword": [1, 1, 1, 1, 0, 1, 0, 1, 1, 1, 1, 0, 0, 0, 1, 1, 1, 1, 1, 1], "achievement_make_wood_pickaxe": [1, 1, 1, 1, 2, 1, 2, 1, 1, 1, 1, 1, 1, 1, 1, 1, 1, 1, 1, 1], "achievement_make_wood_sword": [0, 0, 0, 0, 1, 0, 1, 0, 0, 0, 0, 1, 1, 1, 0, 1, 0, 0, 0, 0], "achievement_place_furnace": [0, 0, 1, 0, 0, 0, 0, 1, 1, 0, 0, 0, 0, 0, 0, 0, 0, 0, 1, 0], "achievement_place_plant": [0, 0, 0, 2, 0, 3, 0, 0, 0, 0, 0, 0, 0, 0, 0, 0, 0, 0, 0, 0], "achievement_place_stone": [1, 1, 5, 10, 3, 3, 9, 1, 1, 6, 2, 2, 1, 3, 2, 1, 4, 0, 8, 4], "achievement_place_table": [2, 1, 1, 1, 3, 1, 1, 1, 1, 2, 1, 1, 1, 1, 1, 1, 2, 1, 2, 2], "achievement_wake_up": [1, 0, 1, 1, 3, 0, 1, 0, 0, 3, 1, 0, 1, 3, 1, 1, 2, 0, 1, 1]}, {"task": "crafter-reward", "method": "human", "seed": "1", "xs": [664, 826, 3603, 3797, 4597, 5091, 5385, 5679, 6005, 6222, 6418, 6665, 7752, 8242, 8518, 8777, 9123, 9730, 10072, 10340], "length": [664, 162, 2777, 194, 800, 494, 294, 294, 326, 217, 196, 247, 1087, 490, 276, 259, 346, 607, 342, 268], "reward": [13.1, 9.1, 21.1, 11.1, 14.1, 13.1, 8.8, 13.1, 11.0, 10.8, 9.1, 15.1, 15.1, 16.0, 11.1, 10.0, 13.1, 16.1, 10.1, 9.1], "achievement_collect_coal": [3, 1, 4, 4, 3, 3, 1, 3, 1, 0, 4, 2, 4, 4, 0, 0, 1, 2, 4, 1], "achievement_collect_diamond": [0, 0, 2, 0, 0, 0, 0, 0, 0, 0, 0, 0, 0, 0, 0, 0, 0, 0, 0, 0], "achievement_collect_drink": [24, 5, 141, 7, 25, 21, 3, 5, 9, 8, 0, 7, 41, 14, 7, 4, 17, 16, 10, 8], "achievement_collect_iron": [2, 0, 5, 2, 0, 0, 0, 0, 0, 0, 6, 2, 3, 5, 0, 0, 2, 4, 0, 0], "achievement_collect_sapling": [6, 1, 10, 0, 5, 1, 2, 3, 1, 1, 0, 2, 4, 0, 4, 4, 1, 1, 2, 3], "achievement_collect_stone": [25, 7, 69, 2, 20, 8, 3, 7, 4, 4, 6, 11, 27, 18, 9, 1, 12, 11, 18, 1], "achievement_collect_wood": [9, 6, 17, 8, 12, 8, 4, 6, 7, 10, 10, 9, 8, 10, 8, 10, 7, 17, 7, 8], "achievement_defeat_skeleton": [0, 0, 4, 2, 2, 1, 0, 0, 0, 1, 0, 1, 6, 0, 0, 0, 0, 0, 0, 0], "achievement_defeat_zombie": [3, 0, 7, 1, 7, 1, 0, 2, 1, 1, 3, 2, 4, 2, 1, 3, 2, 3, 0, 2], "achievement_eat_cow": [3, 1, 11, 1, 6, 2, 1, 1, 2, 1, 1, 0, 5, 2, 1, 2, 3, 5, 1, 1], "achievement_eat_plant": [0, 0, 6, 0, 0, 0, 0, 0, 0, 0, 0, 0, 0, 0, 0, 0, 0, 0, 0, 0], "achievement_make_iron_pickaxe": [0, 0, 2, 0, 0, 0, 0, 0, 0, 0, 0, 1, 0, 1, 0, 0, 0, 1, 0, 0], "achievement_make_iron_sword": [0, 0, 2, 0, 0, 0, 0, 0, 0, 0, 0, 1, 0, 1, 0, 0, 0, 1, 0, 0], "achievement_make_stone_pickaxe": [1, 1, 1, 1, 1, 0, 0, 1, 0, 1, 1, 1, 1, 1, 1, 0, 1, 1, 0, 0], "achievement_make_stone_sword": [1, 1, 1, 1, 1, 0, 0, 1, 0, 1, 1, 1, 1, 1, 1, 0, 1, 1, 0, 0], "achievement_make_wood_pickaxe": [1, 1, 1, 1, 1, 1, 1, 1, 1, 1, 1, 1, 1, 1, 1, 1, 1, 1, 1, 1], "achievement_make_wood_sword": [0, 0, 1, 0, 0, 1, 0, 1, 1, 0, 0, 0, 1, 1, 0, 1, 1, 0, 1, 1], "achievement_place_furnace": [0, 0, 2, 0, 0, 1, 0, 0, 0, 0, 0, 1, 0, 1, 0, 0, 0, 1, 0, 0], "achievement_place_plant": [0, 0, 10, 0, 3, 0, 0, 0, 0, 0, 0, 0, 0, 0, 3, 1, 0, 0, 0, 0], "achievement_place_stone": [2, 0, 31, 0, 18, 1, 1, 2, 1, 2, 0, 1, 6, 1, 4, 1, 3, 3, 1, 0], "achievement_place_table": [1, 1, 3, 1, 1, 1, 1, 1, 1, 1, 1, 1, 2, 1, 1, 1, 1, 2, 1, 1], "achievement_wake_up": [2, 0, 8, 0, 2, 1, 1, 1, 1, 0, 0, 0, 3, 1, 0, 0, 0, 2, 1, 0]}, {"task": "crafter-reward", "method": "human", "seed": "2", "xs": [590, 892, 1165, 1469, 1781, 2075, 2667, 4325, 4640, 6295, 6790, 9070, 9977, 12313, 13301, 13967, 14226, 14470, 14891, 15195], "length": [590, 302, 273, 304, 312, 294, 592, 1658, 315, 1655, 495, 2280, 907, 2336, 988, 666, 259, 244, 421, 304], "reward": [12.1, 11.1, 12.1, 11.1, 11.1, 9.1, 14.1, 19.1, 11.1, 21.1, 10.9, 20.1, 15.1, 21.0, 19.1, 17.1, 9.1, 9.0, 11.1, 9.0], "achievement_collect_coal": [2, 3, 3, 1, 1, 1, 4, 10, 2, 2, 0, 9, 6, 4, 5, 2, 0, 3, 1, 2], "achievement_collect_diamond": [0, 0, 0, 0, 0, 0, 0, 0, 0, 1, 0, 0, 0, 1, 1, 0, 0, 0, 0, 0], "achievement_collect_drink": [13, 6, 6, 9, 17, 10, 15, 62, 3, 83, 17, 119, 36, 121, 41, 26, 0, 10, 13, 0], "achievement_collect_iron": [4, 1, 1, 4, 0, 0, 0, 6, 2, 5, 0, 4, 0, 9, 2, 2, 0, 0, 0, 0], "achievement_collect_sapling": [0, 0, 0, 0, 1, 3, 3, 3, 0, 5, 4, 7, 2, 8, 2, 2, 0, 1, 0, 0], "achievement_collect_stone": [18, 7, 12, 10, 9, 3, 8, 44, 6, 48, 4, 84, 23, 72, 41, 17, 4, 5, 7, 8], "achievement_collect_wood": [8, 8, 6, 8, 5, 8, 7, 19, 10, 29, 14, 26, 10, 18, 11, 11, 7, 10, 10, 12], "achievement_defeat_skeleton": [0, 0, 0, 0, 0, 0, 0, 1, 0, 4, 0, 4, 0, 3, 1, 2, 1, 0, 0, 0], "achievement_defeat_zombie": [1, 2, 2, 0, 1, 0, 2, 8, 0, 11, 4, 12, 1, 14, 1, 3, 2, 0, 1, 0], "achievement_eat_cow": [2, 0, 1, 1, 1, 0, 2, 10, 1, 10, 3, 13, 4, 9, 5, 2, 2, 0, 2, 1], "achievement_eat_plant": [0, 0, 0, 0, 0, 0, 0, 0, 0, 3, 0, 5, 0, 12, 0, 0, 0, 0, 0, 0], "achievement_make_iron_pickaxe": [0, 0, 0, 0, 0, 0, 0, 1, 0, 1, 0, 1, 0, 2, 1, 1, 0, 0, 0, 0], "achievement_make_iron_sword": [0, 0, 0, 0, 0, 0, 0, 1, 0, 1, 0, 1, 0, 1, 1, 1, 0, 0, 0, 0], "achievement_make_stone_pickaxe": [1, 1, 1, 1, 0, 0, 1, 1, 1, 1, 1, 1, 1, 1, 1, 1, 1, 1, 1, 1], "achievement_make_stone_sword": [1, 1, 1, 1, 0, 0, 1, 2, 1, 1, 1, 1, 1, 1, 1, 1, 1, 1, 1, 1], "achievement_make_wood_pickaxe": [1, 1, 1, 1, 1, 1, 1, 1, 1, 1, 2, 1, 1, 1, 1, 1, 1, 1, 1, 1], "achievement_make_wood_sword": [0, 0, 0, 0, 0, 1, 1, 1, 0, 1, 0, 1, 1, 1, 0, 0, 0, 1, 0, 0], "achievement_place_furnace": [0, 0, 0, 0, 1, 0, 0, 1, 0, 1, 0, 1, 1, 2, 1, 1, 0, 0, 0, 0], "achievement_place_plant": [0, 0, 0, 0, 1, 0, 1, 1, 0, 4, 0, 6, 2, 6, 2, 0, 0, 0, 0, 0], "achievement_place_stone": [3, 1, 1, 1, 3, 1, 6, 10, 1, 17, 2, 20, 4, 21, 9, 4, 1, 0, 2, 2], "achievement_place_table": [1, 1, 1, 2, 1, 1, 1, 1, 1, 3, 1, 1, 2, 3, 2, 1, 2, 1, 2, 1], "achievement_wake_up": [1, 1, 1, 1, 0, 1, 1, 5, 1, 5, 1, 7, 3, 10, 3, 2, 0, 0, 1, 1]}, {"task": "crafter-reward", "method": "human", "seed": "3", "xs": [678, 949, 1235, 2043, 2529, 2824, 3154, 3383, 4183, 4699, 5476, 7209, 8520, 8824, 9271, 10096, 10861, 11179, 11483, 12468], "length": [678, 271, 286, 808, 486, 295, 330, 229, 800, 516, 777, 1733, 1311, 304, 447, 825, 765, 318, 304, 985], "reward": [17.1, 10.0, 10.1, 12.0, 12.1, 10.0, 8.9, 9.0, 17.0, 12.1, 13.1, 18.1, 17.0, 12.0, 14.0, 19.0, 18.1, 13.0, 11.1, 19.1], "achievement_collect_coal": [4, 6, 1, 4, 3, 1, 0, 2, 2, 1, 0, 3, 6, 0, 4, 4, 2, 2, 0, 9], "achievement_collect_diamond": [0, 0, 0, 0, 0, 0, 0, 0, 1, 0, 0, 0, 0, 0, 0, 1, 0, 1, 0, 1], "achievement_collect_drink": [30, 6, 4, 29, 14, 5, 7, 5, 28, 18, 27, 76, 36, 11, 15, 33, 18, 0, 6, 38], "achievement_collect_iron": [2, 0, 0, 0, 0, 0, 0, 0, 2, 0, 0, 3, 2, 1, 0, 3, 2, 1, 2, 4], "achievement_collect_sapling": [5, 3, 0, 3, 4, 0, 1, 0, 0, 4, 3, 3, 3, 3, 2, 6, 3, 0, 0, 1], "achievement_collect_stone": [19, 6, 7, 12, 6, 7, 13, 2, 25, 8, 12, 22, 24, 11, 9, 18, 29, 25, 17, 35], "achievement_collect_wood": [8, 9, 7, 10, 6, 7, 4, 6, 9, 14, 12, 19, 9, 9, 10, 17, 12, 15, 5, 12], "achievement_defeat_skeleton": [0, 0, 0, 0, 0, 0, 0, 0, 1, 0, 0, 0, 1, 0, 0, 0, 0, 0, 0, 2], "achievement_defeat_zombie": [1, 1, 2, 2, 2, 1, 2, 2, 9, 6, 2, 8, 2, 2, 2, 9, 1, 1, 1, 4], "achievement_eat_cow": [2, 0, 1, 3, 4, 1, 0, 0, 7, 3, 4, 9, 6, 1, 4, 4, 5, 1, 2, 5], "achievement_eat_plant": [0, 0, 0, 0, 0, 0, 0, 0, 0, 0, 0, 5, 0, 0, 0, 0, 1, 0, 0, 0], "achievement_make_iron_pickaxe": [1, 0, 0, 0, 0, 0, 0, 0, 1, 0, 0, 1, 1, 0, 0, 1, 1, 1, 0, 1], "achievement_make_iron_sword": [1, 0, 0, 0, 0, 0, 0, 0, 1, 0, 0, 1, 0, 0, 0, 1, 1, 0, 0, 1], "achievement_make_stone_pickaxe": [1, 0, 0, 0, 0, 1, 0, 1, 1, 1, 1, 1, 1, 1, 1, 1, 1, 1, 1, 1], "achievement_make_stone_sword": [1, 0, 0, 0, 1, 1, 0, 1, 1, 1, 1, 1, 1, 1, 1, 1, 1, 1, 1, 1], "achievement_make_wood_pickaxe": [1, 1, 1, 1, 1, 1, 2, 1, 1, 1, 1, 1, 1, 1, 1, 1, 1, 1, 1, 1], "achievement_make_wood_sword": [0, 1, 1, 1, 1, 0, 0, 1, 0, 0, 1, 0, 1, 1, 2, 1, 0, 0, 0, 1], "achievement_place_furnace": [1, 0, 0, 0, 0, 0, 0, 0, 1, 0, 0, 1, 1, 0, 1, 1, 1, 1, 0, 1], "achievement_place_plant": [4, 0, 0, 1, 0, 0, 1, 0, 0, 0, 2, 3, 0, 0, 0, 6, 3, 0, 0, 0], "achievement_place_stone": [12, 1, 2, 5, 1, 3, 1, 0, 4, 1, 9, 12, 4, 1, 2, 3, 9, 1, 1, 10], "achievement_place_table": [1, 1, 1, 2, 1, 1, 1, 1, 1, 1, 1, 2, 2, 1, 2, 1, 2, 1, 1, 2], "achievement_wake_up": [1, 1, 1, 2, 1, 0, 1, 0, 2, 1, 1, 6, 4, 0, 1, 2, 2, 0, 1, 4]}, {"task": "crafter-reward", "method": "human", "seed": "4", "xs": [896, 1171, 1609, 1815, 2145, 2844, 3446, 3968, 4922, 6919, 10062, 10351, 10795, 11121, 11876, 12150, 12802, 13109, 13453, 13879], "length": [896, 275, 438, 206, 330, 699, 602, 522, 954, 1997, 3143, 289, 444, 326, 755, 274, 652, 307, 344, 426], "reward": [17.1, 11.1, 14.1, 11.0, 10.1, 10.1, 17.9, 14.0, 12.1, 21.1, 21.1, 10.0, 11.0, 10.1, 12.1, 10.1, 15.0, 11.1, 11.1, 10.1], "achievement_collect_coal": [2, 3, 3, 1, 2, 0, 7, 2, 2, 5, 5, 0, 0, 2, 3, 2, 3, 2, 2, 4], "achievement_collect_diamond": [0, 0, 0, 0, 0, 0, 1, 0, 0, 2, 1, 0, 0, 0, 0, 0, 0, 0, 0, 0], "achievement_collect_drink": [34, 9, 21, 2, 9, 22, 26, 20, 31, 115, 130, 4, 13, 10, 31, 0, 17, 8, 8, 10], "achievement_collect_iron": [4, 2, 2, 0, 0, 0, 2, 1, 3, 4, 2, 0, 2, 0, 0, 0, 2, 1, 0, 0], "achievement_collect_sapling": [2, 0, 2, 1, 1, 0, 1, 3, 0, 8, 8, 2, 2, 0, 0, 1, 1, 0, 4, 0], "achievement_collect_stone": [44, 12, 17, 5, 8, 12, 11, 14, 16, 41, 72, 6, 11, 4, 9, 6, 11, 19, 7, 8], "achievement_collect_wood": [14, 5, 9, 8, 12, 8, 13, 9, 10, 11, 20, 8, 15, 4, 9, 12, 9, 7, 12, 9], "achievement_defeat_skeleton": [3, 0, 1, 0, 0, 0, 0, 1, 0, 4, 2, 0, 0, 1, 2, 0, 2, 0, 0, 1], "achievement_defeat_zombie": [4, 2, 1, 2, 1, 1, 0, 2, 2, 8, 6, 1, 2, 0, 2, 1, 3, 2, 2, 2], "achievement_eat_cow": [4, 0, 1, 1, 2, 2, 2, 3, 3, 6, 6, 2, 3, 2, 5, 1, 4, 0, 1, 1], "achievement_eat_plant": [0, 0, 0, 0, 0, 0, 0, 0, 0, 7, 17, 0, 0, 0, 0, 0, 0, 0, 0, 0], "achievement_make_iron_pickaxe": [1, 0, 0, 0, 0, 0, 1, 0, 0, 2, 1, 0, 0, 0, 0, 0, 0, 0, 0, 0], "achievement_make_iron_sword": [1, 0, 0, 0, 0, 0, 1, 0, 0, 2, 1, 0, 0, 0, 0, 0, 0, 0, 0, 0], "achievement_make_stone_pickaxe": [1, 1, 1, 1, 0, 1, 1, 1, 1, 1, 1, 0, 1, 0, 1, 1, 1, 1, 0, 0], "achievement_make_stone_sword": [1, 1, 1, 1, 0, 0, 1, 1, 1, 1, 1, 0, 1, 1, 1, 1, 1, 1, 0, 0], "achievement_make_wood_pickaxe": [1, 1, 1, 1, 1, 1, 1, 1, 1, 1, 1, 1, 1, 1, 1, 2, 1, 1, 1, 1], "achievement_make_wood_sword": [0, 0, 0, 1, 1, 2, 1, 0, 0, 1, 1, 1, 0, 0, 0, 0, 1, 0, 1, 1], "achievement_place_furnace": [1, 1, 0, 0, 0, 0, 1, 0, 0, 1, 1, 0, 0, 0, 0, 0, 0, 0, 1, 0], "achievement_place_plant": [0, 0, 0, 0, 0, 0, 1, 0, 0, 6, 5, 0, 0, 0, 0, 0, 0, 0, 0, 0], "achievement_place_stone": [9, 1, 1, 0, 2, 6, 1, 6, 13, 22, 22, 1, 0, 1, 4, 1, 4, 1, 2, 0], "achievement_place_table": [2, 1, 1, 1, 1, 1, 1, 1, 1, 1, 3, 1, 2, 1, 1, 1, 1, 1, 2, 1], "achievement_wake_up": [2, 0, 1, 0, 0, 1, 2, 1, 1, 6, 10, 1, 1, 1, 2, 0, 2, 1, 0, 1]}]